order_id,order_date,due_date,order_qty,order_status,vehicle_model,actual_completion_date,actual_delay_hours,planned_days
1,2026-02-02 11:29:10.080893,2026-02-09 11:29:10.080893,10,FULLY_ALLOCATED,아반떼 CN8,2026-02-08 11:29:10.219792,0.0,7
2,2026-02-02 11:29:10.080893,2026-02-09 11:29:10.080893,5,PARTIALLY_ALLOCATED,쏘나타 DN8,,0.0,7
3,2026-02-02 11:29:10.080893,2026-02-09 11:29:10.080893,1,CREATED,그랜저 GN7,,0.0,7
4,2026-02-02 11:29:10.080893,2026-02-09 11:29:10.080893,1,FULLY_ALLOCATED,투싼 NX4,,0.0,7
5,2026-02-02 11:29:10.080893,2026-02-09 11:29:10.080893,1,FULLY_ALLOCATED,싼타페 MX5,,0.0,7
6,2025-12-16 11:29:12.170143,2026-01-04 11:29:12.170143,4,COMPLETED,아반떼 CN8,2025-12-17 02:59:12.170143,0.0,19
7,2026-01-17 11:29:12.204032,2026-02-11 11:29:12.204032,19,PARTIALLY_ALLOCATED,아반떼 CN8,2026-01-19 02:56:12.204032,0.0,25
8,2026-01-03 11:29:12.234720,2026-01-18 11:29:12.234720,9,PARTIALLY_ALLOCATED,쏘나타 DN8,2026-01-04 02:51:12.234720,0.0,15
9,2025-12-29 11:29:12.256582,2026-01-14 11:29:12.256582,11,PARTIALLY_ALLOCATED,쏘나타 DN8,2025-12-30 02:45:12.256582,0.0,16
10,2026-01-15 11:29:12.277147,2026-01-28 11:29:12.277147,9,PARTIALLY_ALLOCATED,싼타페 MX5,2026-01-18 03:11:12.277147,0.0,13
11,2025-12-25 11:29:12.302182,2026-01-14 11:29:12.302182,20,PARTIALLY_ALLOCATED,아반떼 CN8,2025-12-27 03:11:12.302182,0.0,20
12,2026-02-02 11:29:12.321240,2026-02-16 11:29:12.321240,7,COMPLETED,싼타페 MX5,2026-02-04 07:03:12.321240,0.0,14
13,2026-01-17 11:29:12.342386,2026-02-15 11:29:12.342386,3,PARTIALLY_ALLOCATED,아반떼 CN8,2026-01-20 03:13:12.342386,0.0,29
14,2025-12-13 11:29:12.364963,2025-12-25 11:29:12.364963,1,COMPLETED,그랜저 GN7,2025-12-14 02:39:12.364963,0.0,12
15,2025-12-25 11:29:12.384607,2026-01-08 11:29:12.384607,8,PARTIALLY_ALLOCATED,쏘나타 DN8,2025-12-26 02:57:12.384607,0.0,14
16,2025-12-30 11:29:12.405241,2026-02-02 11:29:12.405241,5,COMPLETED,아반떼 CN8,2026-01-01 04:29:12.405241,0.0,34
17,2025-12-27 11:29:12.425836,2026-01-24 11:29:12.425836,9,PARTIALLY_ALLOCATED,쏘나타 DN8,2025-12-28 06:04:12.425836,0.0,28
18,2026-01-10 11:29:12.452544,2026-02-13 11:29:12.452544,10,PARTIALLY_ALLOCATED,쏘나타 DN8,2026-01-12 03:29:12.452544,0.0,34
19,2026-01-04 11:29:12.470843,2026-01-17 11:29:12.470843,1,COMPLETED,쏘나타 DN8,2026-01-07 02:54:12.470843,0.0,13
20,2025-12-25 11:29:12.488564,2026-01-07 11:29:12.488564,17,PARTIALLY_ALLOCATED,쏘나타 DN8,2025-12-28 03:08:12.488564,0.0,13
21,2026-01-23 11:29:12.511157,2026-02-11 11:29:12.511157,14,PARTIALLY_ALLOCATED,투싼 NX4,2026-01-25 04:50:12.511157,0.0,19
22,2026-01-30 11:29:12.537269,2026-02-18 11:29:12.537269,2,COMPLETED,아반떼 CN8,2026-01-31 02:43:12.537269,0.0,19
23,2025-12-15 11:29:12.555326,2025-12-29 11:29:12.555326,1,COMPLETED,그랜저 GN7,2025-12-17 02:13:12.555326,0.0,14
24,2026-01-04 11:29:12.583966,2026-01-12 11:29:12.583966,3,PARTIALLY_ALLOCATED,투싼 NX4,2026-01-07 02:11:12.583966,0.0,8
25,2026-01-03 11:29:12.609664,2026-02-06 11:29:12.609664,13,PARTIALLY_ALLOCATED,아반떼 CN8,2026-01-05 03:28:12.609664,0.0,34
26,2026-01-25 11:29:12.624253,2026-02-14 11:29:12.624253,5,PARTIALLY_ALLOCATED,쏘나타 DN8,2026-01-26 02:51:12.624253,0.0,20
27,2025-12-24 11:29:12.635664,2026-01-22 11:29:12.635664,3,COMPLETED,그랜저 GN7,2025-12-27 03:38:12.635664,0.0,29
28,2025-12-16 11:29:12.645254,2026-01-12 11:29:12.645254,1,COMPLETED,그랜저 GN7,2025-12-19 02:40:12.645254,0.0,27
29,2026-01-14 11:29:12.655787,2026-02-06 11:29:12.655787,20,PARTIALLY_ALLOCATED,투싼 NX4,2026-01-17 04:12:12.655787,0.0,23
30,2026-01-14 11:29:12.667603,2026-01-23 11:29:12.667603,13,COMPLETED,싼타페 MX5,2026-01-15 02:55:12.667603,0.0,9
31,2025-12-07 11:29:12.681645,2026-01-09 11:29:12.681645,19,PARTIALLY_ALLOCATED,투싼 NX4,2025-12-09 03:27:12.681645,0.0,33
32,2026-01-04 11:29:12.694210,2026-02-06 11:29:12.694210,12,PARTIALLY_ALLOCATED,투싼 NX4,2026-01-05 03:46:12.694210,0.0,33
33,2026-01-12 11:29:12.707408,2026-02-12 11:29:12.707408,20,PARTIALLY_ALLOCATED,그랜저 GN7,2026-01-13 02:38:12.707408,0.0,31
34,2026-02-02 11:29:12.722022,2026-02-10 11:29:12.722022,6,COMPLETED,아반떼 CN8,2026-02-04 02:50:12.722022,0.0,8
35,2026-01-18 11:29:12.734620,2026-02-21 11:29:12.734620,10,PARTIALLY_ALLOCATED,투싼 NX4,2026-01-19 02:21:12.734620,0.0,34
36,2026-01-05 11:29:12.751174,2026-01-13 11:29:12.751174,12,PARTIALLY_ALLOCATED,투싼 NX4,2026-01-15 18:01:12.751174,0.0,8
37,2026-01-19 11:29:12.768091,2026-02-18 11:29:12.768091,2,COMPLETED,쏘나타 DN8,2026-02-20 01:16:12.768091,37.78333333333333,30
38,2026-01-14 11:29:12.781974,2026-02-06 11:29:12.781974,19,PARTIALLY_ALLOCATED,쏘나타 DN8,2026-01-17 02:50:12.781974,0.0,23
39,2026-01-09 11:29:12.793364,2026-02-03 11:29:12.793364,10,PARTIALLY_ALLOCATED,쏘나타 DN8,2026-01-12 02:26:12.793364,0.0,25
40,2026-01-19 11:29:12.804512,2026-02-19 11:29:12.804512,10,PARTIALLY_ALLOCATED,아반떼 CN8,2026-01-21 03:01:12.804512,0.0,31
41,2026-01-11 11:29:12.814050,2026-02-04 11:29:12.814050,14,PARTIALLY_ALLOCATED,싼타페 MX5,2026-01-13 02:50:12.814050,0.0,24
42,2026-01-11 11:29:12.826710,2026-02-01 11:29:12.826710,4,PARTIALLY_ALLOCATED,그랜저 GN7,2026-01-12 02:42:12.826710,0.0,21
43,2026-01-16 11:29:12.840473,2026-01-24 11:29:12.840473,6,PARTIALLY_ALLOCATED,아반떼 CN8,2026-01-19 03:12:12.840473,0.0,8
44,2025-12-29 11:29:12.851024,2026-01-07 11:29:12.851024,9,PARTIALLY_ALLOCATED,아반떼 CN8,2026-01-01 03:17:12.851024,0.0,9
45,2026-01-17 11:29:12.862289,2026-02-02 11:29:12.862289,7,PARTIALLY_ALLOCATED,그랜저 GN7,2026-01-18 03:08:12.862289,0.0,16
46,2025-12-28 11:29:12.874848,2026-01-07 11:29:12.874848,11,PARTIALLY_ALLOCATED,투싼 NX4,2025-12-29 02:28:12.874848,0.0,10
47,2025-12-31 11:29:12.889253,2026-01-28 11:29:12.889253,8,PARTIALLY_ALLOCATED,투싼 NX4,2026-01-01 03:52:12.889253,0.0,28
48,2025-12-06 11:29:12.901871,2025-12-17 11:29:12.901871,9,COMPLETED,아반떼 CN8,2025-12-07 03:21:12.901871,0.0,11
49,2025-12-23 11:29:12.915928,2025-12-30 11:29:12.915928,9,PARTIALLY_ALLOCATED,아반떼 CN8,2025-12-24 02:51:12.915928,0.0,7
50,2025-12-13 11:29:12.929466,2025-12-22 11:29:12.929466,5,PARTIALLY_ALLOCATED,투싼 NX4,2025-12-15 04:17:12.929466,0.0,9
51,2025-12-17 11:29:12.941016,2025-12-22 11:29:12.941016,16,PARTIALLY_ALLOCATED,싼타페 MX5,2025-12-19 17:25:12.941016,0.0,5
52,2026-01-20 11:29:12.952772,2026-02-12 11:29:12.952772,9,PARTIALLY_ALLOCATED,그랜저 GN7,2026-01-22 01:44:12.952772,0.0,23
53,2025-12-20 11:29:12.964864,2026-01-14 11:29:12.964864,20,PARTIALLY_ALLOCATED,투싼 NX4,2025-12-22 02:28:12.964864,0.0,25
54,2025-12-06 11:29:12.977394,2025-12-18 11:29:12.977394,10,PARTIALLY_ALLOCATED,쏘나타 DN8,2025-12-08 02:27:12.977394,0.0,12
55,2025-12-25 11:29:12.990201,2026-01-22 11:29:12.990201,10,COMPLETED,그랜저 GN7,2025-12-26 04:00:12.990201,0.0,28
56,2026-01-14 11:29:13.003199,2026-01-23 11:29:13.003199,16,PARTIALLY_ALLOCATED,쏘나타 DN8,2026-01-16 08:12:13.003199,0.0,9
57,2025-12-25 11:29:13.018136,2026-01-25 11:29:13.018136,20,PARTIALLY_ALLOCATED,싼타페 MX5,2025-12-26 03:10:13.018136,0.0,31
58,2025-12-23 11:29:13.033088,2026-01-23 11:29:13.033088,19,PARTIALLY_ALLOCATED,아반떼 CN8,2025-12-26 02:01:13.033088,0.0,31
59,2025-12-24 11:29:13.047104,2026-01-25 11:29:13.047104,14,PARTIALLY_ALLOCATED,그랜저 GN7,2025-12-27 02:16:13.047104,0.0,32
60,2025-12-20 11:29:13.059542,2026-01-07 11:29:13.059542,1,COMPLETED,그랜저 GN7,2025-12-22 02:23:13.059542,0.0,18
61,2026-01-21 11:29:13.074062,2026-02-18 11:29:13.074062,11,PARTIALLY_ALLOCATED,싼타페 MX5,2026-01-22 03:06:13.074062,0.0,28
62,2026-01-28 11:29:13.088611,2026-02-27 11:29:13.088611,12,PARTIALLY_ALLOCATED,투싼 NX4,2026-01-31 03:18:13.088611,0.0,30
63,2026-01-28 11:29:13.102295,2026-02-24 11:29:13.102295,17,PARTIALLY_ALLOCATED,그랜저 GN7,2026-01-30 02:47:13.102295,0.0,27
64,2025-12-28 11:29:13.115864,2026-01-24 11:29:13.115864,5,PARTIALLY_ALLOCATED,쏘나타 DN8,2025-12-30 03:57:13.115864,0.0,27
65,2025-12-09 11:29:13.127408,2026-01-03 11:29:13.127408,1,COMPLETED,그랜저 GN7,2025-12-10 02:15:13.127408,0.0,25
66,2025-12-21 11:29:13.140910,2026-01-23 11:29:13.140910,6,PARTIALLY_ALLOCATED,싼타페 MX5,2026-01-25 16:02:13.140910,0.0,33
67,2026-01-24 11:29:13.152103,2026-02-12 11:29:13.152103,2,COMPLETED,그랜저 GN7,2026-01-25 01:52:13.152103,0.0,19
68,2025-12-26 11:29:13.159361,2026-01-27 11:29:13.159361,19,PARTIALLY_ALLOCATED,아반떼 CN8,2025-12-29 03:25:13.159361,0.0,32
69,2026-01-29 11:29:13.178974,2026-02-10 11:29:13.178974,13,PARTIALLY_ALLOCATED,아반떼 CN8,2026-02-13 02:27:13.178974,0.0,12
70,2026-02-02 11:29:13.192046,2026-02-21 11:29:13.192046,9,PARTIALLY_ALLOCATED,그랜저 GN7,2026-02-22 06:58:13.192046,0.0,19
71,2025-12-19 11:29:13.206227,2026-01-19 11:29:13.206227,1,COMPLETED,쏘나타 DN8,2025-12-21 03:02:13.206227,0.0,31
72,2025-12-15 11:29:13.226489,2025-12-25 11:29:13.226489,3,COMPLETED,그랜저 GN7,2025-12-18 02:43:13.226489,0.0,10
73,2025-12-05 11:29:13.235276,2025-12-30 11:29:13.235276,14,PARTIALLY_ALLOCATED,그랜저 GN7,2025-12-06 02:46:13.235276,0.0,25
74,2026-01-23 11:29:13.243811,2026-02-20 11:29:13.243811,13,PARTIALLY_ALLOCATED,쏘나타 DN8,2026-01-24 03:19:13.243811,0.0,28
75,2026-01-17 11:29:13.252944,2026-01-25 11:29:13.252944,17,COMPLETED,그랜저 GN7,2026-01-19 03:43:13.252944,0.0,8
76,2025-12-12 11:29:13.261010,2025-12-17 11:29:13.261010,18,PARTIALLY_ALLOCATED,쏘나타 DN8,2025-12-14 02:16:13.261010,0.0,5
77,2025-12-10 11:29:13.270082,2026-01-03 11:29:13.270082,14,PARTIALLY_ALLOCATED,싼타페 MX5,2025-12-12 02:02:13.270082,0.0,24
78,2026-01-16 11:29:13.277153,2026-02-13 11:29:13.277153,4,PARTIALLY_ALLOCATED,투싼 NX4,2026-01-17 03:29:13.277153,0.0,28
79,2026-01-25 11:29:13.288245,2026-02-12 11:29:13.288245,20,PARTIALLY_ALLOCATED,그랜저 GN7,2026-01-26 03:55:13.288245,0.0,18
80,2026-01-23 11:29:13.295945,2026-02-01 11:29:13.295945,19,PARTIALLY_ALLOCATED,아반떼 CN8,2026-01-25 02:19:13.295945,0.0,9
81,2025-12-28 11:29:13.305621,2026-01-03 11:29:13.305621,11,PARTIALLY_ALLOCATED,쏘나타 DN8,2025-12-31 02:31:13.305621,0.0,6
82,2026-01-13 11:29:13.317161,2026-01-22 11:29:13.317161,13,PARTIALLY_ALLOCATED,투싼 NX4,2026-01-16 03:12:13.317161,0.0,9
83,2025-12-23 11:29:13.326643,2026-01-25 11:29:13.326643,15,PARTIALLY_ALLOCATED,싼타페 MX5,2025-12-25 04:17:13.326643,0.0,33
84,2026-01-15 11:29:13.336850,2026-02-03 11:29:13.336850,8,PARTIALLY_ALLOCATED,그랜저 GN7,2026-02-04 14:42:13.336850,0.0,19
85,2025-12-25 11:29:13.345384,2026-01-15 11:29:13.345384,9,PARTIALLY_ALLOCATED,투싼 NX4,2025-12-27 02:22:13.345384,0.0,21
86,2026-01-14 11:29:13.355040,2026-02-11 11:29:13.355040,11,PARTIALLY_ALLOCATED,그랜저 GN7,2026-01-16 02:54:13.355040,0.0,28
87,2026-01-23 11:29:13.362574,2026-02-18 11:29:13.362574,15,PARTIALLY_ALLOCATED,투싼 NX4,2026-01-26 02:10:13.362574,0.0,26
88,2025-12-12 11:29:13.372117,2025-12-25 11:29:13.372117,13,PARTIALLY_ALLOCATED,싼타페 MX5,2025-12-14 03:36:13.372117,0.0,13
89,2026-01-18 11:29:13.377115,2026-01-26 11:29:13.377115,2,COMPLETED,투싼 NX4,2026-01-20 03:33:13.377115,0.0,8
90,2025-12-24 11:29:13.387160,2025-12-30 11:29:13.387160,16,PARTIALLY_ALLOCATED,그랜저 GN7,2025-12-25 02:54:13.387160,0.0,6
91,2026-01-28 11:29:13.393480,2026-02-04 11:29:13.393480,20,PARTIALLY_ALLOCATED,투싼 NX4,2026-01-29 03:39:13.393480,0.0,7
92,2026-01-09 11:29:13.402032,2026-01-31 11:29:13.402032,19,PARTIALLY_ALLOCATED,투싼 NX4,2026-01-11 02:27:13.402032,0.0,22
93,2026-01-27 11:29:13.407551,2026-02-27 11:29:13.407551,6,PARTIALLY_ALLOCATED,싼타페 MX5,2026-01-30 03:00:13.407551,0.0,31
94,2025-12-16 11:29:13.414888,2026-01-10 11:29:13.414888,18,PARTIALLY_ALLOCATED,아반떼 CN8,2025-12-18 03:10:13.414888,0.0,25
95,2025-12-10 11:29:13.423513,2026-01-10 11:29:13.423513,6,PARTIALLY_ALLOCATED,쏘나타 DN8,2025-12-11 03:53:13.423513,0.0,31
96,2025-12-09 11:29:13.429539,2026-01-01 11:29:13.429539,13,PARTIALLY_ALLOCATED,투싼 NX4,2025-12-11 02:32:13.429539,0.0,23
97,2025-12-05 11:29:13.437079,2025-12-29 11:29:13.437079,11,PARTIALLY_ALLOCATED,투싼 NX4,2025-12-07 02:42:13.437079,0.0,24
98,2026-01-31 11:29:13.442607,2026-02-23 11:29:13.442607,14,PARTIALLY_ALLOCATED,싼타페 MX5,2026-02-02 02:47:13.442607,0.0,23
99,2025-12-23 11:29:13.450871,2026-01-17 11:29:13.450871,18,PARTIALLY_ALLOCATED,투싼 NX4,2025-12-26 03:26:13.450871,0.0,25
100,2026-01-20 11:29:13.455742,2026-02-22 11:29:13.455742,11,PARTIALLY_ALLOCATED,아반떼 CN8,2026-01-22 02:26:13.455742,0.0,33
101,2026-01-13 11:29:13.460828,2026-01-23 11:29:13.460828,15,COMPLETED,싼타페 MX5,2026-01-16 03:11:13.460828,0.0,10
102,2025-12-19 11:29:13.467805,2026-01-05 11:29:13.467805,1,COMPLETED,싼타페 MX5,2025-12-20 02:12:13.467805,0.0,17
103,2025-12-29 11:29:13.473193,2026-01-25 11:29:13.473193,8,PARTIALLY_ALLOCATED,아반떼 CN8,2025-12-30 02:59:13.473193,0.0,27
104,2025-12-25 11:29:13.478186,2026-01-27 11:29:13.478186,16,PARTIALLY_ALLOCATED,쏘나타 DN8,2025-12-27 04:11:13.478186,0.0,33
105,2026-01-08 11:29:13.486735,2026-01-26 11:29:13.486735,5,PARTIALLY_ALLOCATED,싼타페 MX5,2026-01-10 05:15:13.486735,0.0,18
106,2026-01-14 11:29:13.492047,2026-01-26 11:29:13.492047,13,PARTIALLY_ALLOCATED,투싼 NX4,2026-01-15 02:50:13.492047,0.0,12
107,2026-01-14 11:29:13.499047,2026-01-21 11:29:13.499047,2,COMPLETED,아반떼 CN8,2026-01-15 03:58:13.499047,0.0,7
108,2025-12-06 11:29:13.507819,2026-01-01 11:29:13.507819,7,COMPLETED,쏘나타 DN8,2025-12-08 03:22:13.507819,0.0,26
109,2025-12-07 11:29:13.515355,2025-12-31 11:29:13.515355,19,PARTIALLY_ALLOCATED,쏘나타 DN8,2025-12-09 03:13:13.515355,0.0,24
110,2025-12-23 11:29:13.523441,2026-01-02 11:29:13.523441,13,PARTIALLY_ALLOCATED,쏘나타 DN8,2025-12-25 02:55:13.523441,0.0,10
111,2025-12-29 11:29:13.529818,2026-01-25 11:29:13.529818,19,PARTIALLY_ALLOCATED,싼타페 MX5,2026-01-01 02:23:13.529818,0.0,27
112,2025-12-25 11:29:13.538288,2026-01-03 11:29:13.538288,2,COMPLETED,그랜저 GN7,2025-12-26 04:28:13.538288,0.0,9
113,2025-12-09 11:29:13.545810,2025-12-30 11:29:13.545810,4,PARTIALLY_ALLOCATED,투싼 NX4,2025-12-10 04:03:13.545810,0.0,21
114,2025-12-16 11:29:13.553967,2025-12-27 11:29:13.553967,10,PARTIALLY_ALLOCATED,투싼 NX4,2025-12-17 04:28:13.553967,0.0,11
115,2025-12-26 11:29:13.561543,2026-01-15 11:29:13.561543,8,PARTIALLY_ALLOCATED,그랜저 GN7,2025-12-28 03:04:13.561543,0.0,20
116,2026-01-23 11:29:13.571066,2026-02-04 11:29:13.571066,19,PARTIALLY_ALLOCATED,싼타페 MX5,2026-01-25 02:34:13.571066,0.0,12
117,2026-01-06 11:29:13.578281,2026-01-22 11:29:13.578281,17,PARTIALLY_ALLOCATED,쏘나타 DN8,2026-01-09 03:06:13.578281,0.0,16
118,2025-12-22 11:29:13.585807,2026-01-13 11:29:13.585807,6,COMPLETED,투싼 NX4,2025-12-23 02:26:13.585807,0.0,22
119,2026-01-31 11:29:13.592626,2026-02-24 11:29:13.592626,14,PARTIALLY_ALLOCATED,투싼 NX4,2026-02-01 03:31:13.592626,0.0,24
120,2026-02-02 11:29:13.598638,2026-03-07 11:29:13.598638,12,PARTIALLY_ALLOCATED,싼타페 MX5,2026-02-03 02:37:13.598638,0.0,33
121,2026-01-29 11:29:13.606175,2026-02-05 11:29:13.606175,12,PARTIALLY_ALLOCATED,아반떼 CN8,2026-02-01 03:16:13.606175,0.0,7
122,2026-01-15 11:29:13.611208,2026-02-01 11:29:13.611208,10,PARTIALLY_ALLOCATED,투싼 NX4,2026-01-17 02:48:13.611208,0.0,17
123,2026-01-04 11:29:13.619223,2026-01-28 11:29:13.619223,12,COMPLETED,쏘나타 DN8,2026-01-05 03:25:13.619223,0.0,24
124,2026-01-03 11:29:13.627076,2026-02-06 11:29:13.627076,9,PARTIALLY_ALLOCATED,싼타페 MX5,2026-01-05 03:46:13.627076,0.0,34
125,2026-01-08 11:29:13.634037,2026-01-14 11:29:13.634037,8,PARTIALLY_ALLOCATED,싼타페 MX5,2026-01-10 03:50:13.634037,0.0,6
126,2026-01-10 11:29:13.641051,2026-02-13 11:29:13.641051,19,PARTIALLY_ALLOCATED,쏘나타 DN8,2026-01-13 02:45:13.641051,0.0,34
127,2025-12-21 11:29:13.646201,2026-01-05 11:29:13.646201,11,PARTIALLY_ALLOCATED,투싼 NX4,2025-12-24 03:04:13.646201,0.0,15
128,2026-01-13 11:29:13.656275,2026-02-15 11:29:13.656275,3,PARTIALLY_ALLOCATED,투싼 NX4,2026-01-16 01:56:13.656275,0.0,33
129,2026-01-28 11:29:13.668996,2026-02-06 11:29:13.668996,2,PARTIALLY_ALLOCATED,싼타페 MX5,2026-01-31 09:18:13.668996,0.0,9
130,2026-01-07 11:29:13.674030,2026-01-13 11:29:13.674030,6,COMPLETED,싼타페 MX5,2026-01-09 02:09:13.674030,0.0,6
131,2026-01-06 11:29:13.680029,2026-01-31 11:29:13.680029,4,COMPLETED,아반떼 CN8,2026-01-07 04:50:13.680029,0.0,25
132,2026-01-15 11:29:13.689089,2026-02-18 11:29:13.689089,5,PARTIALLY_ALLOCATED,투싼 NX4,2026-01-16 02:37:13.689089,0.0,34
133,2025-12-17 11:29:13.694623,2025-12-30 11:29:13.694623,20,PARTIALLY_ALLOCATED,아반떼 CN8,2025-12-20 02:48:13.694623,0.0,13
134,2025-12-19 11:29:13.706167,2026-01-18 11:29:13.706167,4,COMPLETED,그랜저 GN7,2025-12-21 04:13:13.706167,0.0,30
135,2025-12-21 11:29:13.713134,2026-01-08 11:29:13.713134,8,PARTIALLY_ALLOCATED,그랜저 GN7,2025-12-23 04:37:13.713134,0.0,18
136,2025-12-22 11:29:13.720786,2026-01-12 11:29:13.720786,2,COMPLETED,아반떼 CN8,2025-12-25 03:04:13.720786,0.0,21
137,2026-01-30 11:29:13.727329,2026-02-28 11:29:13.727329,15,PARTIALLY_ALLOCATED,아반떼 CN8,2026-02-01 03:05:13.727329,0.0,29
138,2026-01-15 11:29:13.735870,2026-01-29 11:29:13.735870,18,COMPLETED,투싼 NX4,2026-01-18 02:46:13.735870,0.0,14
139,2025-12-07 11:29:13.741998,2025-12-19 11:29:13.741998,5,PARTIALLY_ALLOCATED,쏘나타 DN8,2025-12-10 04:47:13.741998,0.0,12
140,2025-12-30 11:29:13.749001,2026-01-09 11:29:13.749001,19,PARTIALLY_ALLOCATED,쏘나타 DN8,2026-01-02 02:41:13.749001,0.0,10
141,2025-12-22 11:29:13.756028,2026-01-06 11:29:13.756028,7,PARTIALLY_ALLOCATED,아반떼 CN8,2025-12-23 04:05:13.756028,0.0,15
142,2026-01-19 11:29:13.762076,2026-02-14 11:29:13.762076,16,PARTIALLY_ALLOCATED,쏘나타 DN8,2026-01-21 03:12:13.762076,0.0,26
143,2025-12-06 11:29:13.770076,2025-12-23 11:29:13.770076,17,PARTIALLY_ALLOCATED,쏘나타 DN8,2025-12-07 02:10:13.770076,0.0,17
144,2026-01-27 11:29:13.775180,2026-02-23 11:29:13.775180,20,PARTIALLY_ALLOCATED,싼타페 MX5,2026-01-28 02:58:13.775180,0.0,27
145,2026-01-01 11:29:13.782621,2026-01-20 11:29:13.782621,19,PARTIALLY_ALLOCATED,싼타페 MX5,2026-01-03 03:25:13.782621,0.0,19
146,2025-12-07 11:29:13.791166,2026-01-08 11:29:13.791166,7,PARTIALLY_ALLOCATED,투싼 NX4,2025-12-09 02:54:13.791166,0.0,32
147,2025-12-18 11:29:13.796297,2026-01-21 11:29:13.796297,9,PARTIALLY_ALLOCATED,쏘나타 DN8,2025-12-21 04:09:13.796297,0.0,34
148,2026-01-15 11:29:13.803824,2026-02-12 11:29:13.803824,9,PARTIALLY_ALLOCATED,투싼 NX4,2026-01-16 02:52:13.803824,0.0,28
149,2025-12-14 11:29:13.809332,2026-01-17 11:29:13.809332,3,COMPLETED,쏘나타 DN8,2025-12-15 02:12:13.809332,0.0,34
150,2025-12-27 11:29:13.817074,2026-01-23 11:29:13.817074,4,PARTIALLY_ALLOCATED,투싼 NX4,2025-12-28 07:56:13.817074,0.0,27
151,2026-01-29 11:29:13.823696,2026-02-20 11:29:13.823696,20,PARTIALLY_ALLOCATED,투싼 NX4,2026-01-31 03:01:13.823696,0.0,22
152,2026-02-01 11:29:13.832726,2026-02-21 11:29:13.832726,20,PARTIALLY_ALLOCATED,그랜저 GN7,2026-02-04 02:20:13.832726,0.0,20
153,2026-01-16 11:29:13.839740,2026-02-18 11:29:13.839740,11,PARTIALLY_ALLOCATED,투싼 NX4,2026-01-18 02:27:13.839740,0.0,33
154,2025-12-11 11:29:13.846291,2026-01-12 11:29:13.846291,11,PARTIALLY_ALLOCATED,쏘나타 DN8,2025-12-12 02:32:13.846291,0.0,32
155,2026-01-29 11:29:13.854016,2026-02-18 11:29:13.854016,1,COMPLETED,아반떼 CN8,2026-02-19 12:25:13.854016,24.933333333333334,20
156,2026-01-13 11:29:13.859529,2026-01-25 11:29:13.859529,11,PARTIALLY_ALLOCATED,그랜저 GN7,2026-01-16 04:29:13.859529,0.0,12
157,2025-12-29 11:29:13.868089,2026-01-28 11:29:13.868089,13,PARTIALLY_ALLOCATED,투싼 NX4,2026-01-01 07:36:13.868089,0.0,30
158,2025-12-13 11:29:13.875607,2025-12-31 11:29:13.875607,20,PARTIALLY_ALLOCATED,쏘나타 DN8,2025-12-16 03:11:13.875607,0.0,18
159,2025-12-07 11:29:13.883164,2025-12-17 11:29:13.883164,2,PARTIALLY_ALLOCATED,싼타페 MX5,2025-12-08 02:55:13.883164,0.0,10
160,2026-01-19 11:29:13.890180,2026-02-15 11:29:13.890180,1,COMPLETED,싼타페 MX5,2026-01-20 03:00:13.890180,0.0,27
161,2026-01-21 11:29:13.895701,2026-02-22 11:29:13.895701,15,PARTIALLY_ALLOCATED,투싼 NX4,2026-01-22 02:11:13.895701,0.0,32
162,2026-01-04 11:29:13.903813,2026-02-01 11:29:13.903813,16,PARTIALLY_ALLOCATED,싼타페 MX5,2026-01-06 02:47:13.903813,0.0,28
163,2026-01-29 11:29:13.909813,2026-02-28 11:29:13.909813,1,COMPLETED,투싼 NX4,2026-01-31 02:12:13.909813,0.0,30
164,2025-12-17 11:29:13.918437,2026-01-09 11:29:13.918437,12,PARTIALLY_ALLOCATED,아반떼 CN8,2026-01-11 18:03:13.918437,0.0,23
165,2026-01-31 11:29:13.924164,2026-02-12 11:29:13.924164,6,PARTIALLY_ALLOCATED,쏘나타 DN8,2026-02-01 02:03:13.924164,0.0,12
166,2025-12-17 11:29:13.930161,2026-01-16 11:29:13.930161,14,PARTIALLY_ALLOCATED,싼타페 MX5,2025-12-18 03:55:13.930161,0.0,30
167,2025-12-28 11:29:13.937370,2026-01-29 11:29:13.937370,2,PARTIALLY_ALLOCATED,쏘나타 DN8,2025-12-31 02:07:13.937370,0.0,32
168,2026-01-27 11:29:13.943896,2026-02-08 11:29:13.943896,17,PARTIALLY_ALLOCATED,쏘나타 DN8,2026-01-30 03:41:13.943896,0.0,12
169,2026-01-07 11:29:13.950898,2026-01-22 11:29:13.950898,17,PARTIALLY_ALLOCATED,쏘나타 DN8,2026-01-08 07:03:13.950898,0.0,15
170,2025-12-20 11:29:13.957228,2026-01-08 11:29:13.957228,6,PARTIALLY_ALLOCATED,싼타페 MX5,2025-12-23 03:18:13.957228,0.0,19
171,2026-01-04 11:29:13.965766,2026-01-15 11:29:13.965766,6,PARTIALLY_ALLOCATED,쏘나타 DN8,2026-01-06 02:45:13.965766,0.0,11
172,2025-12-11 11:29:13.973879,2025-12-23 11:29:13.973879,15,PARTIALLY_ALLOCATED,쏘나타 DN8,2025-12-14 03:51:13.973879,0.0,12
173,2026-01-09 11:29:13.979880,2026-02-05 11:29:13.979880,12,PARTIALLY_ALLOCATED,쏘나타 DN8,2026-01-11 03:38:13.979880,0.0,27
174,2026-01-21 11:29:13.987973,2026-02-16 11:29:13.987973,16,PARTIALLY_ALLOCATED,투싼 NX4,2026-01-23 02:48:13.987973,0.0,26
175,2026-01-22 11:29:13.995018,2026-02-20 11:29:13.995018,1,COMPLETED,쏘나타 DN8,2026-01-23 03:19:13.995018,0.0,29
176,2026-01-04 11:29:14.003303,2026-01-28 11:29:14.003303,8,PARTIALLY_ALLOCATED,아반떼 CN8,2026-01-06 05:56:14.003303,0.0,24
177,2025-12-28 11:29:14.009303,2026-01-05 11:29:14.009303,9,PARTIALLY_ALLOCATED,투싼 NX4,2025-12-31 03:05:14.009303,0.0,8
178,2025-12-18 11:29:14.017842,2026-01-01 11:29:14.017842,19,PARTIALLY_ALLOCATED,쏘나타 DN8,2025-12-21 03:49:14.017842,0.0,14
179,2026-01-29 11:29:14.025818,2026-02-05 11:29:14.025818,16,PARTIALLY_ALLOCATED,쏘나타 DN8,2026-02-01 03:08:14.025818,0.0,7
180,2026-01-11 11:29:14.035366,2026-01-27 11:29:14.035366,1,COMPLETED,싼타페 MX5,2026-01-12 02:46:14.035366,0.0,16
181,2026-01-13 11:29:14.042905,2026-02-10 11:29:14.042905,8,PARTIALLY_ALLOCATED,쏘나타 DN8,2026-01-15 02:07:14.042905,0.0,28
182,2026-01-17 11:29:14.048922,2026-02-01 11:29:14.048922,11,PARTIALLY_ALLOCATED,싼타페 MX5,2026-01-20 02:32:14.048922,0.0,15
183,2026-01-07 11:29:14.055924,2026-01-24 11:29:14.055924,20,PARTIALLY_ALLOCATED,그랜저 GN7,2026-01-09 03:30:14.055924,0.0,17
184,2026-01-10 11:29:14.062977,2026-01-20 11:29:14.062977,11,PARTIALLY_ALLOCATED,투싼 NX4,2026-01-13 03:07:14.062977,0.0,10
185,2026-01-15 11:29:14.072510,2026-02-18 11:29:14.072510,8,COMPLETED,쏘나타 DN8,2026-01-17 04:42:14.072510,0.0,34
186,2026-01-03 11:29:14.077552,2026-01-21 11:29:14.077552,1,COMPLETED,투싼 NX4,2026-01-05 04:30:14.077552,0.0,18
187,2026-01-05 11:29:14.086050,2026-01-25 11:29:14.086050,8,PARTIALLY_ALLOCATED,싼타페 MX5,2026-01-07 02:33:14.086050,0.0,20
188,2025-12-13 11:29:14.092891,2026-01-14 11:29:14.092891,6,PARTIALLY_ALLOCATED,그랜저 GN7,2025-12-14 03:10:14.092891,0.0,32
189,2026-01-09 11:29:14.099898,2026-01-30 11:29:14.099898,17,PARTIALLY_ALLOCATED,쏘나타 DN8,2026-01-12 02:48:14.099898,0.0,21
190,2026-01-25 11:29:14.106425,2026-02-16 11:29:14.106425,16,PARTIALLY_ALLOCATED,싼타페 MX5,2026-01-26 03:29:14.106425,0.0,22
191,2026-02-02 11:29:14.113481,2026-03-08 11:29:14.113481,13,PARTIALLY_ALLOCATED,아반떼 CN8,2026-02-04 03:22:14.113481,0.0,34
192,2026-01-25 11:29:14.122534,2026-02-17 11:29:14.122534,10,PARTIALLY_ALLOCATED,그랜저 GN7,2026-01-27 06:53:14.122534,0.0,23
193,2026-01-25 11:29:14.127049,2026-02-08 11:29:14.127049,18,PARTIALLY_ALLOCATED,그랜저 GN7,2026-01-27 01:31:14.127049,0.0,14
194,2025-12-06 11:29:14.133562,2025-12-31 11:29:14.133562,16,PARTIALLY_ALLOCATED,그랜저 GN7,2025-12-07 02:12:14.133562,0.0,25
195,2025-12-10 11:29:14.137578,2026-01-05 11:29:14.137578,18,PARTIALLY_ALLOCATED,투싼 NX4,2025-12-12 03:16:14.137578,0.0,26
196,2026-01-19 11:29:14.142113,2026-02-03 11:29:14.142113,8,COMPLETED,아반떼 CN8,2026-01-22 02:05:14.142113,0.0,15
197,2025-12-11 11:29:14.148124,2025-12-20 11:29:14.148124,13,PARTIALLY_ALLOCATED,쏘나타 DN8,2025-12-14 01:58:14.148124,0.0,9
198,2025-12-13 11:29:14.154654,2025-12-20 11:29:14.154654,11,PARTIALLY_ALLOCATED,투싼 NX4,2025-12-16 02:07:14.154654,0.0,7
199,2025-12-21 11:29:14.159655,2026-01-07 11:29:14.159655,6,PARTIALLY_ALLOCATED,아반떼 CN8,2025-12-23 02:23:14.159655,0.0,17
200,2026-01-25 11:29:14.164721,2026-02-13 11:29:14.164721,8,PARTIALLY_ALLOCATED,그랜저 GN7,2026-01-27 04:34:14.164721,0.0,19
201,2025-12-29 11:29:14.171231,2026-01-13 11:29:14.171231,13,PARTIALLY_ALLOCATED,싼타페 MX5,2025-12-31 02:29:14.171231,0.0,15
202,2026-01-12 11:29:14.178254,2026-02-05 11:29:14.178254,6,PARTIALLY_ALLOCATED,그랜저 GN7,2026-01-14 02:49:14.178254,0.0,24
203,2026-01-13 11:29:14.187325,2026-01-22 11:29:14.187325,6,PARTIALLY_ALLOCATED,쏘나타 DN8,2026-01-16 02:38:14.187325,0.0,9
204,2026-01-27 11:29:14.195865,2026-02-19 11:29:14.195865,11,PARTIALLY_ALLOCATED,아반떼 CN8,2026-01-29 03:10:14.195865,0.0,23
205,2026-01-30 11:29:14.204787,2026-02-24 11:29:14.204787,18,PARTIALLY_ALLOCATED,싼타페 MX5,2026-02-01 02:59:14.204787,0.0,25
206,2025-12-05 11:29:14.218980,2025-12-13 11:29:14.218980,9,PARTIALLY_ALLOCATED,쏘나타 DN8,2025-12-08 03:37:14.218980,0.0,8
207,2025-12-07 11:29:14.226464,2025-12-23 11:29:14.226464,19,PARTIALLY_ALLOCATED,그랜저 GN7,2025-12-10 02:40:14.226464,0.0,16
208,2025-12-21 11:29:14.235297,2025-12-29 11:29:14.235297,16,PARTIALLY_ALLOCATED,그랜저 GN7,2025-12-22 03:37:14.235297,0.0,8
209,2025-12-09 11:29:14.243813,2026-01-01 11:29:14.243813,17,PARTIALLY_ALLOCATED,쏘나타 DN8,2025-12-11 02:17:14.243813,0.0,23
210,2025-12-30 11:29:14.250914,2026-01-22 11:29:14.250914,7,COMPLETED,쏘나타 DN8,2025-12-31 03:49:14.250914,0.0,23
211,2026-01-09 11:29:14.258226,2026-02-04 11:29:14.258226,11,PARTIALLY_ALLOCATED,싼타페 MX5,2026-01-12 03:46:14.258226,0.0,26
212,2025-12-31 11:29:14.265362,2026-01-06 11:29:14.265362,19,PARTIALLY_ALLOCATED,그랜저 GN7,2026-01-03 02:48:14.265362,0.0,6
213,2026-02-01 11:29:14.272617,2026-02-20 11:29:14.272617,19,COMPLETED,투싼 NX4,2026-02-21 11:23:14.272617,23.9,19
214,2026-01-04 11:29:14.280931,2026-01-16 11:29:14.280931,15,PARTIALLY_ALLOCATED,아반떼 CN8,2026-01-05 04:46:14.280931,0.0,12
215,2026-01-01 11:29:14.289961,2026-01-09 11:29:14.289961,8,PARTIALLY_ALLOCATED,싼타페 MX5,2026-01-04 03:29:14.289961,0.0,8
216,2025-12-16 11:29:14.295878,2026-01-06 11:29:14.295878,6,PARTIALLY_ALLOCATED,쏘나타 DN8,2025-12-18 02:39:14.295878,0.0,21
217,2025-12-22 11:29:14.304130,2026-01-13 11:29:14.304130,6,PARTIALLY_ALLOCATED,투싼 NX4,2025-12-25 02:59:14.304130,0.0,22
218,2025-12-07 11:29:14.310125,2025-12-21 11:29:14.310125,12,PARTIALLY_ALLOCATED,싼타페 MX5,2025-12-10 08:19:14.310125,0.0,14
219,2025-12-07 11:29:14.318800,2025-12-20 11:29:14.318800,17,PARTIALLY_ALLOCATED,싼타페 MX5,2025-12-10 02:40:14.318800,0.0,13
220,2026-01-24 11:29:14.325844,2026-02-20 11:29:14.325844,15,PARTIALLY_ALLOCATED,아반떼 CN8,2026-01-26 03:28:14.325844,0.0,27
221,2025-12-18 11:29:14.334855,2026-01-17 11:29:14.334855,17,PARTIALLY_ALLOCATED,투싼 NX4,2025-12-19 02:03:14.334855,0.0,30
222,2026-01-08 11:29:14.340854,2026-01-21 11:29:14.340854,2,COMPLETED,투싼 NX4,2026-01-10 04:25:14.340854,0.0,13
223,2025-12-20 11:29:14.348937,2025-12-28 11:29:14.348937,4,PARTIALLY_ALLOCATED,그랜저 GN7,2025-12-22 02:09:14.348937,0.0,8
224,2026-01-28 11:29:14.357474,2026-02-05 11:29:14.357474,8,PARTIALLY_ALLOCATED,투싼 NX4,2026-01-30 02:23:14.357474,0.0,8
225,2025-12-29 11:29:14.365339,2026-01-21 11:29:14.365339,5,PARTIALLY_ALLOCATED,그랜저 GN7,2026-01-01 02:12:14.365339,0.0,23
226,2026-01-25 11:29:14.373862,2026-02-25 11:29:14.373862,8,PARTIALLY_ALLOCATED,아반떼 CN8,2026-01-27 02:15:14.373862,0.0,31
227,2025-12-19 11:29:14.380598,2026-01-04 11:29:14.380598,9,PARTIALLY_ALLOCATED,투싼 NX4,2025-12-20 05:00:14.380598,0.0,16
228,2026-01-28 11:29:14.389153,2026-02-12 11:29:14.389153,3,PARTIALLY_ALLOCATED,싼타페 MX5,2026-01-30 02:00:14.389153,0.0,15
229,2026-01-21 11:29:14.396331,2026-02-21 11:29:14.396331,8,PARTIALLY_ALLOCATED,쏘나타 DN8,2026-01-22 03:27:14.396331,0.0,31
230,2025-12-25 11:29:14.404866,2026-01-28 11:29:14.404866,9,PARTIALLY_ALLOCATED,그랜저 GN7,2025-12-28 02:34:14.404866,0.0,34
231,2026-01-01 11:29:14.410867,2026-01-28 11:29:14.410867,4,PARTIALLY_ALLOCATED,싼타페 MX5,2026-01-04 03:42:14.410867,0.0,27
232,2026-01-22 11:29:14.418567,2026-02-03 11:29:14.418567,1,COMPLETED,쏘나타 DN8,2026-01-25 02:09:14.418567,0.0,12
233,2026-01-04 11:29:14.425544,2026-02-02 11:29:14.425544,11,PARTIALLY_ALLOCATED,그랜저 GN7,2026-01-06 02:09:14.425544,0.0,29
234,2026-01-14 11:29:14.434071,2026-01-21 11:29:14.434071,6,PARTIALLY_ALLOCATED,쏘나타 DN8,2026-01-17 02:46:14.434071,0.0,7
235,2025-12-12 11:29:14.440069,2025-12-30 11:29:14.440069,19,PARTIALLY_ALLOCATED,쏘나타 DN8,2025-12-31 04:55:14.440069,0.0,18
236,2026-01-03 11:29:14.445494,2026-01-18 11:29:14.445494,13,PARTIALLY_ALLOCATED,그랜저 GN7,2026-01-04 04:22:14.445494,0.0,15
237,2025-12-29 11:29:14.453033,2026-01-30 11:29:14.453033,12,COMPLETED,싼타페 MX5,2026-01-01 03:29:14.453033,0.0,32
238,2025-12-21 11:29:14.458569,2026-01-15 11:29:14.458569,5,PARTIALLY_ALLOCATED,아반떼 CN8,2025-12-23 03:42:14.458569,0.0,25
239,2026-01-09 11:29:14.467521,2026-02-11 11:29:14.467521,11,PARTIALLY_ALLOCATED,싼타페 MX5,2026-01-10 02:11:14.467521,0.0,33
240,2026-01-31 11:29:14.473040,2026-03-03 11:29:14.473040,1,COMPLETED,쏘나타 DN8,2026-02-03 04:15:14.473040,0.0,31
241,2025-12-28 11:29:14.479044,2026-01-12 11:29:14.479044,1,COMPLETED,아반떼 CN8,2025-12-29 03:54:14.479044,0.0,15
242,2025-12-20 11:29:14.489795,2025-12-28 11:29:14.489795,12,PARTIALLY_ALLOCATED,아반떼 CN8,2025-12-22 02:05:14.489795,0.0,8
243,2025-12-17 11:29:14.495888,2026-01-02 11:29:14.495888,2,COMPLETED,투싼 NX4,2025-12-19 06:18:14.495888,0.0,16
244,2026-01-21 11:29:14.504029,2026-01-28 11:29:14.504029,3,COMPLETED,투싼 NX4,2026-01-23 03:20:14.504029,0.0,7
245,2025-12-24 11:29:14.510032,2026-01-14 11:29:14.510032,6,PARTIALLY_ALLOCATED,아반떼 CN8,2025-12-26 03:54:14.510032,0.0,21
246,2026-01-08 11:29:14.518637,2026-02-07 11:29:14.518637,14,PARTIALLY_ALLOCATED,쏘나타 DN8,2026-01-09 04:24:14.518637,0.0,30
247,2025-12-14 11:29:14.524698,2026-01-16 11:29:14.524698,7,PARTIALLY_ALLOCATED,그랜저 GN7,2025-12-16 06:43:14.524698,0.0,33
248,2025-12-13 11:29:14.529697,2026-01-06 11:29:14.529697,17,PARTIALLY_ALLOCATED,싼타페 MX5,2026-01-08 10:57:14.529697,0.0,24
249,2026-01-23 11:29:14.538240,2026-01-29 11:29:14.538240,3,PARTIALLY_ALLOCATED,싼타페 MX5,2026-01-24 03:39:14.538240,0.0,6
250,2026-01-26 11:29:14.544762,2026-02-18 11:29:14.544762,6,PARTIALLY_ALLOCATED,쏘나타 DN8,2026-01-27 07:36:14.544762,0.0,23
251,2026-01-22 11:29:14.553292,2026-02-15 11:29:14.553292,20,PARTIALLY_ALLOCATED,쏘나타 DN8,2026-01-25 05:10:14.553292,0.0,24
252,2026-01-06 11:29:14.559813,2026-02-05 11:29:14.559813,19,PARTIALLY_ALLOCATED,아반떼 CN8,2026-01-08 02:18:14.559813,0.0,30
253,2025-12-17 11:29:14.565557,2025-12-22 11:29:14.565557,16,PARTIALLY_ALLOCATED,쏘나타 DN8,2025-12-19 04:18:14.565557,0.0,5
254,2026-01-23 11:29:14.573093,2026-02-23 11:29:14.573093,6,PARTIALLY_ALLOCATED,그랜저 GN7,2026-01-24 03:01:14.573093,0.0,31
255,2025-12-21 11:29:14.579097,2025-12-26 11:29:14.579097,20,PARTIALLY_ALLOCATED,싼타페 MX5,2025-12-23 21:31:14.579097,0.0,5
256,2026-01-28 11:29:14.589189,2026-02-28 11:29:14.589189,12,PARTIALLY_ALLOCATED,싼타페 MX5,2026-01-31 02:38:14.589189,0.0,31
257,2025-12-06 11:29:14.597728,2025-12-25 11:29:14.597728,6,PARTIALLY_ALLOCATED,투싼 NX4,2025-12-08 03:50:14.597728,0.0,19
258,2025-12-27 11:29:14.605250,2026-01-24 11:29:14.605250,2,PARTIALLY_ALLOCATED,그랜저 GN7,2025-12-28 04:15:14.605250,0.0,28
259,2025-12-28 11:29:14.612780,2026-01-23 11:29:14.612780,12,COMPLETED,그랜저 GN7,2025-12-31 03:23:14.612780,0.0,26
260,2025-12-28 11:29:14.621957,2026-01-18 11:29:14.621957,4,COMPLETED,아반떼 CN8,2025-12-29 02:14:14.621957,0.0,21
261,2025-12-19 11:29:14.629983,2026-01-06 11:29:14.629983,6,PARTIALLY_ALLOCATED,싼타페 MX5,2025-12-22 03:20:14.629983,0.0,18
262,2026-01-21 11:29:14.638512,2026-02-05 11:29:14.638512,1,COMPLETED,그랜저 GN7,2026-01-24 04:24:14.638512,0.0,15
263,2026-01-12 11:29:14.645752,2026-02-07 11:29:14.645752,3,COMPLETED,쏘나타 DN8,2026-01-14 03:28:14.645752,0.0,26
264,2025-12-29 11:29:14.654803,2026-01-23 11:29:14.654803,20,PARTIALLY_ALLOCATED,투싼 NX4,2025-12-30 03:14:14.654803,0.0,25
265,2026-01-06 11:29:14.661320,2026-02-02 11:29:14.661320,13,PARTIALLY_ALLOCATED,싼타페 MX5,2026-01-08 03:32:14.661320,0.0,27
266,2026-01-26 11:29:14.668862,2026-02-24 11:29:14.668862,20,PARTIALLY_ALLOCATED,아반떼 CN8,2026-01-27 02:42:14.668862,0.0,29
267,2026-01-05 11:29:14.676058,2026-01-12 11:29:14.676058,11,PARTIALLY_ALLOCATED,싼타페 MX5,2026-01-06 08:21:14.676058,0.0,7
268,2025-12-11 11:29:14.684836,2025-12-31 11:29:14.684836,6,PARTIALLY_ALLOCATED,싼타페 MX5,2025-12-14 02:30:14.684836,0.0,20
269,2025-12-26 11:29:14.692145,2026-01-11 11:29:14.692145,1,COMPLETED,그랜저 GN7,2025-12-28 02:53:14.692145,0.0,16
270,2025-12-05 11:29:14.700790,2025-12-13 11:29:14.700790,16,PARTIALLY_ALLOCATED,쏘나타 DN8,2025-12-06 03:24:14.700790,0.0,8
271,2025-12-11 11:29:14.706806,2026-01-07 11:29:14.706806,15,PARTIALLY_ALLOCATED,쏘나타 DN8,2025-12-13 02:45:14.706806,0.0,27
272,2026-01-01 11:29:14.714893,2026-01-12 11:29:14.714893,16,PARTIALLY_ALLOCATED,그랜저 GN7,2026-01-04 03:12:14.714893,0.0,11
273,2025-12-23 11:29:14.723485,2026-01-18 11:29:14.723485,14,PARTIALLY_ALLOCATED,투싼 NX4,2025-12-25 02:27:14.723485,0.0,26
274,2025-12-28 11:29:14.732036,2026-01-16 11:29:14.732036,9,PARTIALLY_ALLOCATED,그랜저 GN7,2025-12-31 02:51:14.732036,0.0,19
275,2026-01-04 11:29:14.740055,2026-01-17 11:29:14.740055,11,PARTIALLY_ALLOCATED,쏘나타 DN8,2026-01-07 03:08:14.740055,0.0,13
276,2026-01-29 11:29:14.747106,2026-02-20 11:29:14.747106,19,PARTIALLY_ALLOCATED,그랜저 GN7,2026-02-01 02:48:14.747106,0.0,22
277,2026-01-14 11:29:14.757641,2026-01-28 11:29:14.757641,11,PARTIALLY_ALLOCATED,쏘나타 DN8,2026-01-30 21:16:14.757641,0.0,14
278,2026-01-08 11:29:14.766213,2026-01-22 11:29:14.766213,19,PARTIALLY_ALLOCATED,아반떼 CN8,2026-01-09 03:33:14.766213,0.0,14
279,2025-12-10 11:29:14.774746,2026-01-03 11:29:14.774746,12,PARTIALLY_ALLOCATED,그랜저 GN7,2025-12-11 04:39:14.774746,0.0,24
280,2026-01-27 11:29:14.781793,2026-02-09 11:29:14.781793,15,PARTIALLY_ALLOCATED,그랜저 GN7,2026-01-28 03:29:14.781793,0.0,13
281,2025-12-14 11:29:14.789797,2025-12-22 11:29:14.789797,8,PARTIALLY_ALLOCATED,싼타페 MX5,2025-12-17 05:48:14.789797,0.0,8
282,2025-12-30 11:29:14.799532,2026-01-23 11:29:14.799532,16,COMPLETED,그랜저 GN7,2026-01-02 03:06:14.799532,0.0,24
283,2025-12-08 11:29:14.810080,2025-12-23 11:29:14.810080,20,PARTIALLY_ALLOCATED,싼타페 MX5,2025-12-10 02:35:14.810080,0.0,15
284,2025-12-09 11:29:14.816158,2026-01-01 11:29:14.816158,11,PARTIALLY_ALLOCATED,싼타페 MX5,2025-12-12 02:53:14.816158,0.0,23
285,2025-12-15 11:29:14.822668,2026-01-13 11:29:14.822668,15,PARTIALLY_ALLOCATED,투싼 NX4,2026-01-14 12:53:14.822668,0.0,29
286,2025-12-30 11:29:14.829809,2026-01-20 11:29:14.829809,19,PARTIALLY_ALLOCATED,싼타페 MX5,2026-01-01 02:05:14.829809,0.0,21
287,2026-01-25 11:29:14.837793,2026-02-14 11:29:14.837793,2,COMPLETED,싼타페 MX5,2026-01-28 04:16:14.837793,0.0,20
288,2025-12-24 11:29:14.843527,2026-01-09 11:29:14.843527,18,COMPLETED,싼타페 MX5,2025-12-27 04:25:14.843527,0.0,16
289,2026-01-03 11:29:14.848529,2026-01-13 11:29:14.848529,17,PARTIALLY_ALLOCATED,쏘나타 DN8,2026-01-04 02:06:14.848529,0.0,10
290,2025-12-17 11:29:14.856049,2025-12-28 11:29:14.856049,2,COMPLETED,싼타페 MX5,2025-12-20 04:48:14.856049,0.0,11
291,2026-01-19 11:29:14.862102,2026-02-12 11:29:14.862102,1,COMPLETED,싼타페 MX5,2026-02-13 22:34:14.862102,35.083333333333336,24
292,2025-12-19 11:29:14.870102,2026-01-06 11:29:14.870102,2,COMPLETED,그랜저 GN7,2025-12-20 03:09:14.870102,0.0,18
293,2025-12-31 11:29:14.875622,2026-02-02 11:29:14.875622,8,PARTIALLY_ALLOCATED,아반떼 CN8,2026-01-03 03:59:14.875622,0.0,33
294,2025-12-06 11:29:14.883276,2025-12-28 11:29:14.883276,11,COMPLETED,싼타페 MX5,2025-12-08 03:49:14.883276,0.0,22
295,2026-01-24 11:29:14.889375,2026-02-06 11:29:14.889375,10,PARTIALLY_ALLOCATED,아반떼 CN8,2026-01-27 03:36:14.889375,0.0,13
296,2026-01-01 11:29:14.895901,2026-01-06 11:29:14.895901,14,PARTIALLY_ALLOCATED,싼타페 MX5,2026-01-04 02:58:14.895901,0.0,5
297,2026-01-24 11:29:14.904130,2026-01-30 11:29:14.904130,1,COMPLETED,싼타페 MX5,2026-01-25 05:10:14.904130,0.0,6
298,2025-12-13 11:29:14.910129,2026-01-03 11:29:14.910129,2,PARTIALLY_ALLOCATED,그랜저 GN7,2026-01-04 18:25:14.910129,0.0,21
299,2026-01-16 11:29:14.917649,2026-01-30 11:29:14.917649,1,COMPLETED,그랜저 GN7,2026-01-19 03:06:14.917649,0.0,14
300,2025-12-09 11:29:14.923811,2025-12-23 11:29:14.923811,3,COMPLETED,그랜저 GN7,2025-12-11 02:06:14.923811,0.0,14
301,2025-12-13 11:29:14.929348,2026-01-13 11:29:14.929348,7,PARTIALLY_ALLOCATED,쏘나타 DN8,2025-12-15 03:31:14.929348,0.0,31
302,2025-12-08 11:29:14.936874,2026-01-01 11:29:14.936874,5,PARTIALLY_ALLOCATED,투싼 NX4,2025-12-09 02:17:14.936874,0.0,24
303,2026-01-11 11:29:14.943975,2026-01-16 11:29:14.943975,3,COMPLETED,싼타페 MX5,2026-01-13 03:51:14.943975,0.0,5
304,2026-01-11 11:29:14.950977,2026-02-02 11:29:14.950977,17,PARTIALLY_ALLOCATED,아반떼 CN8,2026-01-13 02:22:14.950977,0.0,22
305,2026-01-24 11:29:14.957635,2026-01-30 11:29:14.957635,16,PARTIALLY_ALLOCATED,싼타페 MX5,2026-01-26 03:01:14.957635,0.0,6
306,2025-12-13 11:29:14.966163,2026-01-09 11:29:14.966163,8,PARTIALLY_ALLOCATED,쏘나타 DN8,2025-12-15 02:21:14.966163,0.0,27
307,2026-01-30 11:29:14.973346,2026-02-19 11:29:14.973346,5,PARTIALLY_ALLOCATED,투싼 NX4,2026-01-31 03:34:14.973346,0.0,20
308,2025-12-21 11:29:14.979868,2026-01-11 11:29:14.979868,20,PARTIALLY_ALLOCATED,투싼 NX4,2025-12-23 01:49:14.979868,0.0,21
309,2025-12-05 11:29:14.988366,2025-12-20 11:29:14.988366,20,PARTIALLY_ALLOCATED,싼타페 MX5,2025-12-08 02:41:14.988366,0.0,15
310,2025-12-18 11:29:14.995884,2026-01-17 11:29:14.995884,11,PARTIALLY_ALLOCATED,싼타페 MX5,2025-12-20 05:36:14.995884,0.0,30
311,2026-01-24 11:29:15.004008,2026-01-29 11:29:15.004008,5,PARTIALLY_ALLOCATED,싼타페 MX5,2026-01-25 01:50:15.004008,0.0,5
312,2026-01-03 11:29:15.010007,2026-01-20 11:29:15.010007,12,PARTIALLY_ALLOCATED,아반떼 CN8,2026-01-22 11:37:15.010007,0.0,17
313,2026-01-15 11:29:15.017268,2026-02-18 11:29:15.017268,8,PARTIALLY_ALLOCATED,쏘나타 DN8,2026-01-18 05:10:15.017268,0.0,34
314,2025-12-21 11:29:15.023792,2026-01-21 11:29:15.023792,7,COMPLETED,쏘나타 DN8,2025-12-22 02:44:15.023792,0.0,31
315,2026-01-31 11:29:15.029844,2026-02-17 11:29:15.029844,7,PARTIALLY_ALLOCATED,투싼 NX4,2026-02-01 03:25:15.029844,0.0,17
316,2026-01-02 11:29:15.038131,2026-01-20 11:29:15.038131,14,PARTIALLY_ALLOCATED,싼타페 MX5,2026-01-03 03:05:15.038131,0.0,18
317,2026-01-05 11:29:15.045520,2026-01-31 11:29:15.045520,5,PARTIALLY_ALLOCATED,그랜저 GN7,2026-01-07 03:11:15.045520,0.0,26
318,2026-01-11 11:29:15.053589,2026-01-21 11:29:15.053589,10,PARTIALLY_ALLOCATED,투싼 NX4,2026-01-14 03:37:15.053589,0.0,10
319,2025-12-12 11:29:15.061103,2026-01-07 11:29:15.061103,6,COMPLETED,아반떼 CN8,2025-12-13 03:28:15.061103,0.0,26
320,2025-12-29 11:29:15.069115,2026-01-03 11:29:15.069115,16,PARTIALLY_ALLOCATED,쏘나타 DN8,2025-12-30 02:58:15.069115,0.0,5
321,2025-12-15 11:29:15.074641,2025-12-29 11:29:15.074641,6,PARTIALLY_ALLOCATED,쏘나타 DN8,2025-12-16 02:08:15.074641,0.0,14
322,2026-01-26 11:29:15.080845,2026-02-22 11:29:15.080845,8,PARTIALLY_ALLOCATED,그랜저 GN7,2026-02-24 14:00:15.080845,0.0,27
323,2026-01-15 11:29:15.088366,2026-01-31 11:29:15.088366,4,PARTIALLY_ALLOCATED,그랜저 GN7,2026-01-17 02:26:15.088366,0.0,16
324,2025-12-15 11:29:15.094900,2026-01-07 11:29:15.094900,16,PARTIALLY_ALLOCATED,그랜저 GN7,2025-12-18 03:31:15.094900,0.0,23
325,2026-01-06 11:29:15.103423,2026-01-11 11:29:15.103423,16,PARTIALLY_ALLOCATED,그랜저 GN7,2026-01-08 01:52:15.103423,0.0,5
326,2025-12-22 11:29:15.109421,2025-12-31 11:29:15.109421,12,PARTIALLY_ALLOCATED,쏘나타 DN8,2025-12-25 02:33:15.109421,0.0,9
327,2026-01-06 11:29:15.118317,2026-02-03 11:29:15.118317,11,PARTIALLY_ALLOCATED,아반떼 CN8,2026-01-08 03:18:15.118317,0.0,28
328,2026-01-15 11:29:15.126389,2026-01-22 11:29:15.126389,3,PARTIALLY_ALLOCATED,싼타페 MX5,2026-01-16 04:31:15.126389,0.0,7
329,2025-12-11 11:29:15.135456,2026-01-11 11:29:15.135456,20,PARTIALLY_ALLOCATED,아반떼 CN8,2025-12-12 02:22:15.135456,0.0,31
330,2026-01-29 11:29:15.141974,2026-02-18 11:29:15.141974,4,PARTIALLY_ALLOCATED,쏘나타 DN8,2026-02-01 01:56:15.141974,0.0,20
331,2026-01-11 11:29:15.149066,2026-02-13 11:29:15.149066,18,PARTIALLY_ALLOCATED,쏘나타 DN8,2026-01-14 05:14:15.149066,0.0,33
332,2025-12-09 11:29:15.156217,2026-01-11 11:29:15.156217,2,COMPLETED,투싼 NX4,2025-12-11 03:05:15.156217,0.0,33
333,2025-12-28 11:29:15.163292,2026-01-20 11:29:15.163292,7,PARTIALLY_ALLOCATED,쏘나타 DN8,2025-12-29 01:45:15.163292,0.0,23
334,2026-02-02 11:29:15.170817,2026-02-08 11:29:15.170817,1,COMPLETED,그랜저 GN7,2026-02-05 03:31:15.170817,0.0,6
335,2026-01-23 11:29:15.177354,2026-02-11 11:29:15.177354,13,PARTIALLY_ALLOCATED,싼타페 MX5,2026-01-24 03:31:15.177354,0.0,19
336,2025-12-26 11:29:15.184100,2026-01-28 11:29:15.184100,16,PARTIALLY_ALLOCATED,쏘나타 DN8,2026-01-30 12:41:15.184100,0.0,33
337,2026-01-20 11:29:15.190094,2026-02-21 11:29:15.190094,1,COMPLETED,투싼 NX4,2026-01-23 03:43:15.190094,0.0,32
338,2026-01-03 11:29:15.195617,2026-01-13 11:29:15.195617,9,PARTIALLY_ALLOCATED,그랜저 GN7,2026-01-14 06:11:15.195617,0.0,10
339,2025-12-18 11:29:15.203152,2025-12-31 11:29:15.203152,20,PARTIALLY_ALLOCATED,싼타페 MX5,2025-12-19 04:16:15.203152,0.0,13
340,2026-01-27 11:29:15.210153,2026-02-23 11:29:15.210153,6,PARTIALLY_ALLOCATED,투싼 NX4,2026-01-30 07:53:15.210153,0.0,27
341,2026-01-02 11:29:15.217221,2026-01-18 11:29:15.217221,3,PARTIALLY_ALLOCATED,아반떼 CN8,2026-01-04 02:29:15.217221,0.0,16
342,2026-01-18 11:29:15.222590,2026-01-24 11:29:15.222590,19,COMPLETED,쏘나타 DN8,2026-01-21 02:47:15.222590,0.0,6
343,2025-12-31 11:29:15.228335,2026-01-07 11:29:15.228335,8,PARTIALLY_ALLOCATED,싼타페 MX5,2026-01-01 02:54:15.228335,0.0,7
344,2026-01-12 11:29:15.238043,2026-02-11 11:29:15.238043,18,COMPLETED,싼타페 MX5,2026-01-15 02:29:15.238043,0.0,30
345,2025-12-23 11:29:15.243564,2026-01-03 11:29:15.243564,19,PARTIALLY_ALLOCATED,쏘나타 DN8,2025-12-24 03:40:15.243564,0.0,11
346,2026-01-08 11:29:15.251076,2026-01-18 11:29:15.251076,12,PARTIALLY_ALLOCATED,투싼 NX4,2026-01-09 06:15:15.251076,0.0,10
347,2025-12-12 11:29:15.257088,2026-01-09 11:29:15.257088,9,PARTIALLY_ALLOCATED,쏘나타 DN8,2025-12-15 03:11:15.257088,0.0,28
348,2025-12-23 11:29:15.264528,2026-01-07 11:29:15.264528,17,PARTIALLY_ALLOCATED,투싼 NX4,2025-12-24 02:30:15.264528,0.0,15
349,2025-12-23 11:29:15.272051,2026-01-03 11:29:15.272051,20,PARTIALLY_ALLOCATED,투싼 NX4,2025-12-26 02:25:15.272051,0.0,11
350,2025-12-16 11:29:15.279050,2026-01-03 11:29:15.279050,4,COMPLETED,쏘나타 DN8,2025-12-18 03:39:15.279050,0.0,18
351,2026-01-16 11:29:15.287361,2026-02-09 11:29:15.287361,7,PARTIALLY_ALLOCATED,싼타페 MX5,2026-01-19 03:36:15.287361,0.0,24
352,2026-01-09 11:29:15.293902,2026-02-07 11:29:15.293902,14,PARTIALLY_ALLOCATED,싼타페 MX5,2026-01-10 03:01:15.293902,0.0,29
353,2025-12-31 11:29:15.300902,2026-01-23 11:29:15.300902,14,PARTIALLY_ALLOCATED,싼타페 MX5,2026-01-01 02:06:15.300902,0.0,23
354,2026-01-19 11:29:15.307019,2026-02-05 11:29:15.307019,12,PARTIALLY_ALLOCATED,쏘나타 DN8,2026-01-22 03:31:15.307019,0.0,17
355,2026-01-26 11:29:15.312237,2026-02-12 11:29:15.312237,5,PARTIALLY_ALLOCATED,쏘나타 DN8,2026-01-27 02:39:15.312237,0.0,17
356,2025-12-17 11:29:15.319286,2025-12-23 11:29:15.319286,2,PARTIALLY_ALLOCATED,쏘나타 DN8,2025-12-19 02:29:15.319286,0.0,6
357,2025-12-25 11:29:15.326338,2026-01-28 11:29:15.326338,19,PARTIALLY_ALLOCATED,싼타페 MX5,2025-12-27 02:36:15.326338,0.0,34
358,2026-01-19 11:29:15.333910,2026-02-11 11:29:15.333910,20,PARTIALLY_ALLOCATED,쏘나타 DN8,2026-01-21 05:23:15.333910,0.0,23
359,2026-01-15 11:29:15.341168,2026-02-17 11:29:15.341168,5,PARTIALLY_ALLOCATED,아반떼 CN8,2026-01-18 04:40:15.341168,0.0,33
360,2026-01-01 11:29:15.347293,2026-01-24 11:29:15.347293,10,PARTIALLY_ALLOCATED,쏘나타 DN8,2026-01-04 02:26:15.347293,0.0,23
361,2026-01-31 11:29:15.354368,2026-02-23 11:29:15.354368,16,COMPLETED,쏘나타 DN8,2026-02-03 02:14:15.354368,0.0,23
362,2026-01-31 11:29:15.360884,2026-02-25 11:29:15.360884,5,PARTIALLY_ALLOCATED,투싼 NX4,2026-02-03 03:01:15.360884,0.0,25
363,2025-12-15 11:29:15.369912,2025-12-27 11:29:15.369912,20,PARTIALLY_ALLOCATED,그랜저 GN7,2025-12-17 02:00:15.369912,0.0,12
364,2025-12-07 11:29:15.374981,2025-12-16 11:29:15.374981,19,PARTIALLY_ALLOCATED,아반떼 CN8,2025-12-10 02:43:15.374981,0.0,9
365,2025-12-22 11:29:15.383755,2026-01-09 11:29:15.383755,12,PARTIALLY_ALLOCATED,투싼 NX4,2025-12-24 04:51:15.383755,0.0,18
366,2025-12-09 11:29:15.391810,2025-12-23 11:29:15.391810,16,PARTIALLY_ALLOCATED,쏘나타 DN8,2025-12-10 04:19:15.391810,0.0,14
367,2025-12-21 11:29:15.401682,2026-01-18 11:29:15.401682,14,PARTIALLY_ALLOCATED,싼타페 MX5,2025-12-23 03:10:15.401682,0.0,28
368,2025-12-13 11:29:15.409711,2026-01-08 11:29:15.409711,6,PARTIALLY_ALLOCATED,투싼 NX4,2026-01-10 14:43:15.409711,0.0,26
369,2026-01-22 11:29:15.419782,2026-01-30 11:29:15.419782,17,PARTIALLY_ALLOCATED,투싼 NX4,2026-01-25 03:52:15.419782,0.0,8
370,2026-01-16 11:29:15.426559,2026-02-05 11:29:15.426559,19,PARTIALLY_ALLOCATED,투싼 NX4,2026-01-19 02:25:15.426559,0.0,20
371,2026-01-05 11:29:15.434633,2026-01-20 11:29:15.434633,11,PARTIALLY_ALLOCATED,싼타페 MX5,2026-01-06 03:00:15.434633,0.0,15
372,2026-01-07 11:29:15.439664,2026-02-07 11:29:15.439664,20,PARTIALLY_ALLOCATED,아반떼 CN8,2026-01-08 04:58:15.439664,0.0,31
373,2025-12-28 11:29:15.447190,2026-01-22 11:29:15.447190,8,PARTIALLY_ALLOCATED,투싼 NX4,2025-12-30 04:40:15.447190,0.0,25
374,2026-02-01 11:29:15.454866,2026-02-11 11:29:15.454866,12,PARTIALLY_ALLOCATED,싼타페 MX5,2026-02-04 02:31:15.454866,0.0,10
375,2026-01-03 11:29:15.463041,2026-02-05 11:29:15.463041,7,PARTIALLY_ALLOCATED,투싼 NX4,2026-01-05 02:57:15.463041,0.0,33
376,2025-12-27 11:29:15.471039,2026-01-01 11:29:15.471039,8,PARTIALLY_ALLOCATED,투싼 NX4,2025-12-29 04:25:15.471039,0.0,5
377,2026-01-05 11:29:15.477107,2026-01-13 11:29:15.477107,6,PARTIALLY_ALLOCATED,싼타페 MX5,2026-01-07 02:50:15.477107,0.0,8
378,2025-12-22 11:29:15.484734,2026-01-06 11:29:15.484734,3,COMPLETED,투싼 NX4,2025-12-23 01:57:15.484734,0.0,15
379,2025-12-22 11:29:15.490736,2025-12-30 11:29:15.490736,5,PARTIALLY_ALLOCATED,그랜저 GN7,2025-12-24 02:48:15.490736,0.0,8
380,2025-12-08 11:29:15.497806,2026-01-02 11:29:15.497806,1,COMPLETED,그랜저 GN7,2025-12-10 02:54:15.497806,0.0,25
381,2026-02-01 11:29:15.504951,2026-02-21 11:29:15.504951,17,PARTIALLY_ALLOCATED,싼타페 MX5,2026-02-02 02:27:15.504951,0.0,20
382,2025-12-07 11:29:15.509949,2025-12-22 11:29:15.509949,3,COMPLETED,아반떼 CN8,2025-12-08 03:28:15.509949,0.0,15
383,2026-02-01 11:29:15.517539,2026-02-19 11:29:15.517539,1,COMPLETED,아반떼 CN8,2026-02-03 02:47:15.517539,0.0,18
384,2026-01-16 11:29:15.525595,2026-01-21 11:29:15.525595,10,PARTIALLY_ALLOCATED,쏘나타 DN8,2026-01-18 01:57:15.525595,0.0,5
385,2026-01-17 11:29:15.532643,2026-02-13 11:29:15.532643,8,PARTIALLY_ALLOCATED,싼타페 MX5,2026-02-15 08:04:15.532643,0.0,27
386,2026-01-12 11:29:15.537657,2026-01-17 11:29:15.537657,20,PARTIALLY_ALLOCATED,싼타페 MX5,2026-01-14 02:02:15.537657,0.0,5
387,2026-01-03 11:29:15.543700,2026-01-29 11:29:15.543700,9,PARTIALLY_ALLOCATED,쏘나타 DN8,2026-01-04 02:35:15.543700,0.0,26
388,2026-01-31 11:29:15.552773,2026-02-17 11:29:15.552773,15,PARTIALLY_ALLOCATED,아반떼 CN8,2026-02-01 02:56:15.552773,0.0,17
389,2026-01-02 11:29:15.558775,2026-01-30 11:29:15.558775,7,PARTIALLY_ALLOCATED,투싼 NX4,2026-01-03 02:13:15.558775,0.0,28
390,2025-12-21 11:29:15.566014,2026-01-14 11:29:15.566014,16,PARTIALLY_ALLOCATED,쏘나타 DN8,2025-12-23 03:23:15.566014,0.0,24
391,2026-01-13 11:29:15.572768,2026-02-04 11:29:15.572768,12,PARTIALLY_ALLOCATED,그랜저 GN7,2026-01-16 05:40:15.572768,0.0,22
392,2026-02-01 11:29:15.579314,2026-02-07 11:29:15.579314,3,COMPLETED,그랜저 GN7,2026-02-04 03:52:15.579314,0.0,6
393,2025-12-19 11:29:15.587373,2025-12-25 11:29:15.587373,3,COMPLETED,그랜저 GN7,2025-12-20 04:55:15.587373,0.0,6
394,2026-01-12 11:29:15.593898,2026-02-12 11:29:15.593898,4,PARTIALLY_ALLOCATED,아반떼 CN8,2026-01-15 02:50:15.593898,0.0,31
395,2025-12-09 11:29:15.600900,2025-12-28 11:29:15.600900,1,COMPLETED,싼타페 MX5,2025-12-10 03:16:15.600900,0.0,19
396,2025-12-14 11:29:15.607055,2025-12-23 11:29:15.607055,13,PARTIALLY_ALLOCATED,투싼 NX4,2025-12-16 02:51:15.607055,0.0,9
397,2026-01-17 11:29:15.616431,2026-02-19 11:29:15.616431,5,PARTIALLY_ALLOCATED,투싼 NX4,2026-01-20 02:53:15.616431,0.0,33
398,2025-12-25 11:29:15.622958,2026-01-28 11:29:15.622958,18,PARTIALLY_ALLOCATED,투싼 NX4,2025-12-27 03:30:15.622958,0.0,34
399,2025-12-15 11:29:15.629483,2026-01-16 11:29:15.629483,1,COMPLETED,쏘나타 DN8,2025-12-17 03:04:15.629483,0.0,32
400,2025-12-28 11:29:15.637583,2026-01-02 11:29:15.637583,10,PARTIALLY_ALLOCATED,아반떼 CN8,2025-12-31 02:01:15.637583,0.0,5
401,2026-01-29 11:29:15.643111,2026-02-11 11:29:15.643111,18,PARTIALLY_ALLOCATED,아반떼 CN8,2026-01-30 02:34:15.643111,0.0,13
402,2026-01-21 11:29:15.649110,2026-02-23 11:29:15.649110,8,PARTIALLY_ALLOCATED,투싼 NX4,2026-01-22 04:19:15.649110,0.0,33
403,2025-12-19 11:29:15.656072,2026-01-11 11:29:15.656072,2,PARTIALLY_ALLOCATED,아반떼 CN8,2025-12-22 03:06:15.656072,0.0,23
404,2026-01-23 11:29:15.662282,2026-02-14 11:29:15.662282,6,PARTIALLY_ALLOCATED,쏘나타 DN8,2026-01-26 02:43:15.662282,0.0,22
405,2026-01-10 11:29:15.670783,2026-01-27 11:29:15.670783,7,COMPLETED,싼타페 MX5,2026-01-12 03:34:15.670783,0.0,17
406,2025-12-08 11:29:15.676795,2025-12-16 11:29:15.676795,2,PARTIALLY_ALLOCATED,아반떼 CN8,2025-12-11 02:28:15.676795,0.0,8
407,2025-12-20 11:29:15.684743,2026-01-01 11:29:15.684743,3,COMPLETED,투싼 NX4,2025-12-21 02:32:15.684743,0.0,12
408,2025-12-31 11:29:15.692759,2026-01-30 11:29:15.692759,18,PARTIALLY_ALLOCATED,아반떼 CN8,2026-01-01 04:30:15.692759,0.0,30
409,2025-12-24 11:29:15.701282,2025-12-30 11:29:15.701282,15,PARTIALLY_ALLOCATED,투싼 NX4,2025-12-26 02:31:15.701282,0.0,6
410,2025-12-30 11:29:15.708308,2026-01-30 11:29:15.708308,1,COMPLETED,투싼 NX4,2025-12-31 03:16:15.708308,0.0,31
411,2026-01-09 11:29:15.712829,2026-01-30 11:29:15.712829,10,PARTIALLY_ALLOCATED,아반떼 CN8,2026-01-12 02:56:15.712829,0.0,21
412,2025-12-27 11:29:15.720947,2026-01-07 11:29:15.720947,16,PARTIALLY_ALLOCATED,투싼 NX4,2025-12-29 03:24:15.720947,0.0,11
413,2025-12-26 11:29:15.726490,2026-01-08 11:29:15.726490,2,PARTIALLY_ALLOCATED,쏘나타 DN8,2025-12-29 05:59:15.726490,0.0,13
414,2025-12-25 11:29:15.735434,2026-01-04 11:29:15.735434,20,PARTIALLY_ALLOCATED,아반떼 CN8,2025-12-27 03:04:15.735434,0.0,10
415,2025-12-14 11:29:15.740949,2026-01-11 11:29:15.740949,11,PARTIALLY_ALLOCATED,싼타페 MX5,2025-12-15 03:21:15.740949,0.0,28
416,2025-12-12 11:29:15.746960,2025-12-28 11:29:15.746960,14,PARTIALLY_ALLOCATED,쏘나타 DN8,2025-12-15 03:18:15.746960,0.0,16
417,2025-12-14 11:29:15.756000,2026-01-03 11:29:15.756000,20,PARTIALLY_ALLOCATED,그랜저 GN7,2025-12-15 02:28:15.756000,0.0,20
418,2026-01-16 11:29:15.762432,2026-02-05 11:29:15.762432,18,PARTIALLY_ALLOCATED,투싼 NX4,2026-01-17 03:23:15.762432,0.0,20
419,2026-01-22 11:29:15.769431,2026-02-15 11:29:15.769431,19,PARTIALLY_ALLOCATED,그랜저 GN7,2026-01-23 04:33:15.769431,0.0,24
420,2026-01-19 11:29:15.774953,2026-01-26 11:29:15.774953,10,PARTIALLY_ALLOCATED,아반떼 CN8,2026-01-22 02:18:15.774953,0.0,7
421,2026-01-18 11:29:15.779952,2026-02-21 11:29:15.779952,4,PARTIALLY_ALLOCATED,투싼 NX4,2026-01-19 02:14:15.779952,0.0,34
422,2025-12-31 11:29:15.787675,2026-01-25 11:29:15.787675,19,PARTIALLY_ALLOCATED,아반떼 CN8,2026-01-01 03:56:15.787675,0.0,25
423,2025-12-31 11:29:15.795215,2026-01-29 11:29:15.795215,2,PARTIALLY_ALLOCATED,싼타페 MX5,2026-01-02 02:33:15.795215,0.0,29
424,2025-12-11 11:29:15.803468,2026-01-06 11:29:15.803468,19,PARTIALLY_ALLOCATED,그랜저 GN7,2025-12-14 02:26:15.803468,0.0,26
425,2026-02-01 11:29:15.809470,2026-03-03 11:29:15.809470,7,PARTIALLY_ALLOCATED,싼타페 MX5,2026-02-04 04:15:15.809470,0.0,30
426,2025-12-22 11:29:15.819338,2026-01-16 11:29:15.819338,7,PARTIALLY_ALLOCATED,그랜저 GN7,2025-12-23 03:05:15.819338,0.0,25
427,2026-02-01 11:29:15.825393,2026-02-13 11:29:15.825393,15,PARTIALLY_ALLOCATED,그랜저 GN7,2026-02-02 04:11:15.825393,0.0,12
428,2026-01-24 11:29:15.833298,2026-02-21 11:29:15.833298,17,PARTIALLY_ALLOCATED,쏘나타 DN8,2026-02-22 18:02:15.833298,0.0,28
429,2026-01-15 11:29:15.838823,2026-01-30 11:29:15.838823,3,PARTIALLY_ALLOCATED,아반떼 CN8,2026-02-02 13:20:15.838823,0.0,15
430,2025-12-20 11:29:15.846754,2026-01-14 11:29:15.846754,11,PARTIALLY_ALLOCATED,투싼 NX4,2025-12-22 03:06:15.846754,0.0,25
431,2026-01-02 11:29:15.854577,2026-01-26 11:29:15.854577,8,PARTIALLY_ALLOCATED,쏘나타 DN8,2026-01-04 01:51:15.854577,0.0,24
432,2025-12-14 11:29:15.862102,2025-12-19 11:29:15.862102,8,PARTIALLY_ALLOCATED,싼타페 MX5,2025-12-15 02:44:15.862102,0.0,5
433,2025-12-05 11:29:15.869102,2025-12-29 11:29:15.869102,5,PARTIALLY_ALLOCATED,싼타페 MX5,2025-12-08 03:12:15.869102,0.0,24
434,2026-01-28 11:29:15.875407,2026-02-08 11:29:15.875407,16,PARTIALLY_ALLOCATED,투싼 NX4,2026-01-30 03:54:15.875407,0.0,11
435,2026-01-22 11:29:15.883952,2026-02-11 11:29:15.883952,2,COMPLETED,투싼 NX4,2026-01-25 03:24:15.883952,0.0,20
436,2026-02-02 11:29:15.889461,2026-02-08 11:29:15.889461,5,PARTIALLY_ALLOCATED,아반떼 CN8,2026-02-05 02:06:15.889461,0.0,6
437,2026-01-14 11:29:15.895984,2026-02-02 11:29:15.895984,15,PARTIALLY_ALLOCATED,아반떼 CN8,2026-01-17 04:17:15.895984,0.0,19
438,2025-12-17 11:29:15.903511,2026-01-11 11:29:15.903511,2,COMPLETED,그랜저 GN7,2025-12-18 03:29:15.903511,0.0,25
439,2025-12-14 11:29:15.909511,2025-12-19 11:29:15.909511,20,PARTIALLY_ALLOCATED,싼타페 MX5,2025-12-15 04:18:15.909511,0.0,5
440,2026-02-01 11:29:15.916564,2026-02-28 11:29:15.916564,6,PARTIALLY_ALLOCATED,아반떼 CN8,2026-02-04 03:51:15.916564,0.0,27
441,2025-12-31 11:29:15.923083,2026-01-26 11:29:15.923083,11,PARTIALLY_ALLOCATED,쏘나타 DN8,2026-01-02 02:51:15.923083,0.0,26
442,2026-01-28 11:29:15.929612,2026-02-02 11:29:15.929612,10,PARTIALLY_ALLOCATED,투싼 NX4,2026-01-30 12:29:15.929612,0.0,5
443,2026-01-20 11:29:15.937317,2026-02-23 11:29:15.937317,2,PARTIALLY_ALLOCATED,싼타페 MX5,2026-01-21 03:39:15.937317,0.0,34
444,2026-02-01 11:29:15.944375,2026-02-16 11:29:15.944375,11,PARTIALLY_ALLOCATED,싼타페 MX5,2026-02-03 03:42:15.944375,0.0,15
445,2025-12-20 11:29:15.951904,2026-01-11 11:29:15.951904,1,COMPLETED,그랜저 GN7,2025-12-21 03:17:15.951904,0.0,22
446,2026-01-13 11:29:15.958901,2026-02-07 11:29:15.958901,18,PARTIALLY_ALLOCATED,투싼 NX4,2026-01-16 02:12:15.958901,0.0,25
447,2026-01-15 11:29:15.966979,2026-02-14 11:29:15.966979,5,COMPLETED,아반떼 CN8,2026-01-17 06:50:15.966979,0.0,30
448,2025-12-28 11:29:15.975020,2026-01-18 11:29:15.975020,8,PARTIALLY_ALLOCATED,싼타페 MX5,2025-12-29 02:57:15.975020,0.0,21
449,2025-12-14 11:29:15.982574,2026-01-17 11:29:15.982574,19,PARTIALLY_ALLOCATED,아반떼 CN8,2025-12-16 02:19:15.982574,0.0,34
450,2026-02-02 11:29:15.990097,2026-02-18 11:29:15.990097,16,COMPLETED,싼타페 MX5,2026-02-05 03:14:15.990097,0.0,16
451,2026-01-05 11:29:15.997629,2026-02-03 11:29:15.997629,10,PARTIALLY_ALLOCATED,싼타페 MX5,2026-01-07 02:36:15.997629,0.0,29
452,2026-01-21 11:29:16.006184,2026-02-01 11:29:16.006184,12,PARTIALLY_ALLOCATED,쏘나타 DN8,2026-01-22 02:29:16.006184,0.0,11
453,2025-12-17 11:29:16.014259,2025-12-29 11:29:16.014259,6,PARTIALLY_ALLOCATED,그랜저 GN7,2025-12-18 03:21:16.014259,0.0,12
454,2026-01-15 11:29:16.023789,2026-02-10 11:29:16.023789,1,COMPLETED,투싼 NX4,2026-01-18 04:46:16.023789,0.0,26
455,2026-01-17 11:29:16.029989,2026-02-13 11:29:16.029989,16,PARTIALLY_ALLOCATED,쏘나타 DN8,2026-01-18 03:31:16.029989,0.0,27
456,2026-01-08 11:29:16.039441,2026-01-15 11:29:16.039441,11,PARTIALLY_ALLOCATED,아반떼 CN8,2026-01-09 02:16:16.039441,0.0,7
457,2026-01-31 11:29:16.045969,2026-02-27 11:29:16.045969,16,PARTIALLY_ALLOCATED,투싼 NX4,2026-02-01 02:31:16.045969,0.0,27
458,2025-12-12 11:29:16.054514,2026-01-03 11:29:16.054514,10,PARTIALLY_ALLOCATED,싼타페 MX5,2025-12-15 02:32:16.054514,0.0,22
459,2026-01-05 11:29:16.062174,2026-01-30 11:29:16.062174,13,COMPLETED,투싼 NX4,2026-01-06 02:08:16.062174,0.0,25
460,2025-12-28 11:29:16.070172,2026-01-12 11:29:16.070172,12,PARTIALLY_ALLOCATED,쏘나타 DN8,2025-12-29 03:34:16.070172,0.0,15
461,2026-01-18 11:29:16.077265,2026-01-25 11:29:16.077265,12,PARTIALLY_ALLOCATED,싼타페 MX5,2026-01-21 02:56:16.077265,0.0,7
462,2025-12-05 11:29:16.087368,2026-01-07 11:29:16.087368,3,PARTIALLY_ALLOCATED,쏘나타 DN8,2025-12-07 03:32:16.087368,0.0,33
463,2026-01-25 11:29:16.096108,2026-02-23 11:29:16.096108,5,PARTIALLY_ALLOCATED,아반떼 CN8,2026-02-26 18:31:16.096108,0.0,29
464,2026-01-29 11:29:16.103645,2026-02-13 11:29:16.103645,18,PARTIALLY_ALLOCATED,투싼 NX4,2026-01-31 02:49:16.103645,0.0,15
465,2026-01-07 11:29:16.112784,2026-01-30 11:29:16.112784,5,PARTIALLY_ALLOCATED,싼타페 MX5,2026-01-10 02:59:16.112784,0.0,23
466,2026-01-24 11:29:16.122346,2026-02-11 11:29:16.122346,12,PARTIALLY_ALLOCATED,그랜저 GN7,2026-01-26 02:25:16.122346,0.0,18
467,2026-01-13 11:29:16.129880,2026-01-29 11:29:16.129880,6,COMPLETED,그랜저 GN7,2026-01-14 03:39:16.129880,0.0,16
468,2025-12-27 11:29:16.140960,2026-01-28 11:29:16.140960,13,PARTIALLY_ALLOCATED,쏘나타 DN8,2025-12-30 04:11:16.140960,0.0,32
469,2026-01-01 11:29:16.149963,2026-01-16 11:29:16.149963,20,PARTIALLY_ALLOCATED,쏘나타 DN8,2026-01-02 04:00:16.149963,0.0,15
470,2025-12-09 11:29:16.159495,2025-12-27 11:29:16.159495,2,COMPLETED,아반떼 CN8,2025-12-12 04:27:16.159495,0.0,18
471,2025-12-29 11:29:16.176129,2026-01-07 11:29:16.176129,20,PARTIALLY_ALLOCATED,아반떼 CN8,2025-12-30 02:00:16.176129,0.0,9
472,2026-02-01 11:29:16.186658,2026-03-04 11:29:16.186658,6,PARTIALLY_ALLOCATED,쏘나타 DN8,2026-02-02 03:19:16.186658,0.0,31
473,2026-01-19 11:29:16.194748,2026-02-18 11:29:16.194748,20,PARTIALLY_ALLOCATED,투싼 NX4,2026-01-20 03:15:16.194748,0.0,30
474,2025-12-20 11:29:16.202820,2025-12-27 11:29:16.202820,17,COMPLETED,싼타페 MX5,2025-12-22 02:48:16.202820,0.0,7
475,2026-01-20 11:29:16.211325,2026-02-15 11:29:16.211325,1,COMPLETED,아반떼 CN8,2026-01-22 03:41:16.211325,0.0,26
476,2025-12-10 11:29:16.219530,2025-12-17 11:29:16.219530,12,PARTIALLY_ALLOCATED,투싼 NX4,2025-12-12 02:12:16.219530,0.0,7
477,2026-01-26 11:29:16.229440,2026-02-17 11:29:16.229440,1,COMPLETED,쏘나타 DN8,2026-01-29 03:09:16.229440,0.0,22
478,2025-12-28 11:29:16.237977,2026-01-11 11:29:16.237977,7,COMPLETED,쏘나타 DN8,2025-12-31 01:43:16.237977,0.0,14
479,2026-02-02 11:29:16.245604,2026-03-01 11:29:16.245604,16,PARTIALLY_ALLOCATED,그랜저 GN7,2026-02-05 02:05:16.245604,0.0,27
480,2025-12-28 11:29:16.255149,2026-01-31 11:29:16.255149,17,PARTIALLY_ALLOCATED,투싼 NX4,2025-12-29 03:05:16.255149,0.0,34
481,2025-12-18 11:29:16.263529,2026-01-11 11:29:16.263529,1,COMPLETED,싼타페 MX5,2025-12-19 03:22:16.263529,0.0,24
482,2025-12-20 11:29:16.273065,2026-01-21 11:29:16.273065,13,PARTIALLY_ALLOCATED,쏘나타 DN8,2025-12-21 03:03:16.273065,0.0,32
483,2025-12-13 11:29:16.280059,2025-12-27 11:29:16.280059,2,PARTIALLY_ALLOCATED,투싼 NX4,2025-12-15 02:24:16.280059,0.0,14
484,2026-01-01 11:29:16.289125,2026-01-12 11:29:16.289125,19,PARTIALLY_ALLOCATED,그랜저 GN7,2026-01-04 03:31:16.289125,0.0,11
485,2026-01-11 11:29:16.295391,2026-01-29 11:29:16.295391,15,COMPLETED,쏘나타 DN8,2026-01-14 02:52:16.295391,0.0,18
486,2026-01-09 11:29:16.303930,2026-01-18 11:29:16.303930,2,PARTIALLY_ALLOCATED,투싼 NX4,2026-01-12 02:19:16.303930,0.0,9
487,2025-12-29 11:29:16.309933,2026-01-04 11:29:16.309933,16,PARTIALLY_ALLOCATED,쏘나타 DN8,2026-01-01 03:16:16.309933,0.0,6
488,2026-01-03 11:29:16.319923,2026-01-19 11:29:16.319923,10,PARTIALLY_ALLOCATED,아반떼 CN8,2026-01-05 03:23:16.319923,0.0,16
489,2026-01-17 11:29:16.326276,2026-02-09 11:29:16.326276,2,COMPLETED,그랜저 GN7,2026-01-18 02:21:16.326276,0.0,23
490,2026-01-29 11:29:16.335810,2026-02-06 11:29:16.335810,8,COMPLETED,그랜저 GN7,2026-01-31 04:30:16.335810,0.0,8
491,2026-02-02 11:29:16.342882,2026-03-08 11:29:16.342882,20,PARTIALLY_ALLOCATED,아반떼 CN8,2026-02-04 02:54:16.342882,0.0,34
492,2026-01-21 11:29:16.352950,2026-02-23 11:29:16.352950,11,PARTIALLY_ALLOCATED,그랜저 GN7,2026-01-22 03:02:16.352950,0.0,33
493,2026-01-07 11:29:16.359953,2026-02-06 11:29:16.359953,3,PARTIALLY_ALLOCATED,싼타페 MX5,2026-01-08 05:42:16.359953,0.0,30
494,2025-12-11 11:29:16.369136,2026-01-11 11:29:16.369136,11,PARTIALLY_ALLOCATED,쏘나타 DN8,2025-12-14 08:50:16.369136,0.0,31
495,2026-01-27 11:29:16.376772,2026-02-12 11:29:16.376772,12,COMPLETED,투싼 NX4,2026-01-30 03:04:16.376772,0.0,16
496,2026-01-24 11:29:16.386932,2026-02-12 11:29:16.386932,7,PARTIALLY_ALLOCATED,투싼 NX4,2026-02-13 03:24:16.386932,0.0,19
497,2025-12-12 11:29:16.394994,2026-01-09 11:29:16.394994,12,COMPLETED,아반떼 CN8,2025-12-14 03:30:16.394994,0.0,28
498,2026-01-10 11:29:16.404054,2026-01-18 11:29:16.404054,19,PARTIALLY_ALLOCATED,쏘나타 DN8,2026-01-12 02:47:16.404054,0.0,8
499,2025-12-16 11:29:16.412020,2026-01-15 11:29:16.412020,3,PARTIALLY_ALLOCATED,투싼 NX4,2025-12-17 04:18:16.412020,0.0,30
500,2026-01-05 11:29:16.423553,2026-02-08 11:29:16.423553,20,PARTIALLY_ALLOCATED,쏘나타 DN8,2026-01-06 03:01:16.423553,0.0,34
501,2025-12-07 11:29:16.432617,2026-01-07 11:29:16.432617,2,COMPLETED,그랜저 GN7,2025-12-10 01:58:16.432617,0.0,31
502,2025-12-09 11:29:16.442462,2025-12-22 11:29:16.442462,5,PARTIALLY_ALLOCATED,아반떼 CN8,2025-12-12 07:52:16.442462,0.0,13
503,2025-12-28 11:29:16.450988,2026-01-13 11:29:16.450988,10,PARTIALLY_ALLOCATED,싼타페 MX5,2025-12-29 03:48:16.450988,0.0,16
504,2026-02-01 11:29:16.460178,2026-02-22 11:29:16.460178,18,PARTIALLY_ALLOCATED,쏘나타 DN8,2026-02-02 02:14:16.460178,0.0,21
505,2026-01-26 11:29:16.469296,2026-02-08 11:29:16.469296,20,PARTIALLY_ALLOCATED,쏘나타 DN8,2026-01-27 04:21:16.469296,0.0,13
